,Name,RA,Dec,r,theta,radius.kpc,x,y,Fe_H,error,v_helio,error2,V_M31,V_sig
1,B291-G009,9.02070833,42.03591667,1.46,302.21,19.9,-1.236,0.7787,-1.2,0.2,-213.5,13.6,91.4,13.9
2,B292-G010,9.06941667,40.97402778,1.25,256.89,17,-1.2196,-0.284,-1.9,0.1,-331,23,-27.5,23.2
3,B293-G011,9.08691667,40.89366667,1.26,253.2,17.2,-1.2079,-0.3646,-1.8,0.1,-345,35,-41.7,35.1
4,B295-G014,9.19470833,40.32836111,1.47,230.65,20,-1.136,-0.9314,-1.7,0.3,-415.3,25.9,-113,26.1
5,B422,9.41020833,41.99977778,1.2,307.91,16.3,-0.9472,0.7376,-1.2,0.3,-202.4,17.6,101.8,17.9
6,B298-G021,9.50091667,40.73216667,1.04,239.37,14.2,-0.897,-0.5311,-1.8,0.3,-546.4,17.3,-244.1,17.6
7,B301-G022,9.58995833,40.06027778,1.47,214.84,20,-0.838,-1.204,-0.9,0.2,-366.6,6.9,-65.4,7.5
8,B167D,9.59366667,41.90972222,1.04,308.49,14.1,-0.8119,0.6456,-1.5,0.2,-196.4,15,107.3,15.3
9,B302-G023,9.63958333,41.34783333,0.79,276.06,10.7,-0.7845,0.0833,-1.5,0.4,-394.4,21.7,-91.5,21.9
10,MCGC7-H14,9.70579167,42.37972222,1.33,327.03,18.1,-0.7232,1.1147,-0.7,0.8,-271,15,33.1,15.3
11,B304-G028,9.73725,41.17455556,0.72,262.74,9.8,-0.7131,-0.0908,-1.3,0.2,-405.3,15.3,-102.8,15.6
12,B306-G029,9.78625,40.57255556,0.97,224.55,13.2,-0.6824,-0.6933,-1.1,0.2,-443.9,8.6,-142.3,9.1
13,B309-G031,9.85258333,40.24141667,1.21,211.79,16.4,-0.6352,-1.025,-1.2,0.2,-404.3,16.2,-103.3,16.5
14,B310-G032,9.85729167,41.39252778,0.63,281.49,8.6,-0.6206,0.1262,-1.4,0.2,-238.1,14,64.5,14.3
15,B181D,9.87854167,41.474,0.64,288.96,8.7,-0.6039,0.2075,-1,0.2,-203.7,8.1,99,8.6
16,B311-G033,9.8905,40.52075,0.96,218.99,13.1,-0.6037,-0.7459,-1.9,0.2,-523.4,20.1,-222.1,20.3
17,B312-G035,9.917375,40.95066667,0.66,241.39,9,-0.5795,-0.3161,-1.2,0.2,-177.5,8.7,124.4,9.2
18,B313-G036,9.93583333,40.882,0.68,235.79,9.3,-0.5661,-0.3849,-1,0.2,-429.5,7.7,-127.7,8.3
19,B001-G039,9.96258333,40.96961111,0.62,241.39,8.5,-0.5452,-0.2974,-0.7,0.2,-203.3,7.7,98.5,8.3
20,B002-G043,10.01070833,41.19819444,0.51,262.24,7,-0.5071,-0.0691,-2.2,0.2,-338.2,14.5,-36.2,14.8
21,B003-G045,10.03916667,41.18488889,0.49,260.35,6.7,-0.4857,-0.0826,-1.6,0.2,-381.4,0.6,-79.4,3.1
22,B004-G050,10.07466667,41.37783333,0.47,283.53,6.4,-0.4577,0.1102,-0.7,0.2,-369.8,6,-67.6,6.7
23,B005-G052,10.08470833,40.73286111,0.7,220.36,9.6,-0.4546,-0.5349,-0.7,0.2,-283.4,0.6,17.9,3.1
24,B006-G058,10.11033333,41.45741667,0.47,293.77,6.4,-0.4304,0.1896,-0.5,0.2,-236,0.4,66.2,3
25,B244,10.110375,41.30986111,0.43,275.56,5.9,-0.4313,0.042,-1.4,0.3,-247.8,2.1,54.2,3.7
26,B008-G060,10.12616667,41.26908333,0.42,270.16,5.7,-0.4197,0.0012,-0.8,0.2,-323.2,0.4,-21.3,3
27,B010-G062,10.1315,41.23958333,0.42,266.1,5.7,-0.4159,-0.0284,-1.8,0.2,-161.7,0.6,140.2,3.1
28,B012-G064,10.13525,41.36227778,0.42,282.88,5.8,-0.4123,0.0943,-1.7,0.2,-360.7,0.6,-58.7,3.1
29,B013-G065,10.160125,41.42325,0.42,291.53,5.8,-0.3933,0.1552,-0.5,0.2,-416.7,0.6,-114.6,3.1
30,B015-V204,10.18758333,40.99897222,0.46,234.33,6.3,-0.3751,-0.2692,-0.1,0.2,-460,7.3,-158.6,7.9
31,B016-G066,10.18816667,41.36941667,0.39,285.2,5.3,-0.3725,0.1012,-0.7,0.2,-388.4,5.4,-86.4,6.2
32,B336-G067,10.19833333,42.14533333,0.95,337.65,12.9,-0.3606,0.8772,-2.5,0.6,-609,27.2,-306,27.4
33,B337-G068,10.20195833,42.20305556,1,339.07,13.6,-0.3576,0.9349,-1.2,0.2,-278.5,14.1,24.5,14.4
34,B017-G070,10.20304167,41.20197222,0.37,259.63,5,-0.3623,-0.0663,-0.8,0.2,-535.6,0.5,-233.9,3
35,B246,10.217875,40.89886111,0.51,223.68,7,-0.3528,-0.3695,-0.7,0.4,-472.9,1.4,-171.6,3.3
36,B019-G072,10.21883333,41.31494444,0.35,277.59,4.8,-0.3498,0.0466,-0.8,0.2,-222.1,0.5,79.7,3
37,B020-G073,10.23025,41.69033333,0.54,321.2,7.4,-0.3393,0.422,-0.9,0.2,-349.7,0.5,-47.4,3
38,B338-G076,10.24529167,40.59663889,0.75,206.41,10.2,-0.3336,-0.6718,-1.1,0.2,-275.8,11.8,25,12.2
39,B021-G075,10.24579167,41.09419444,0.37,242.21,5.1,-0.3307,-0.1743,-0.5,0.2,-425.5,0.5,-124,3
40,B022-G074,10.24616667,41.41166667,0.36,293.54,4.9,-0.3288,0.1432,-1.8,0.2,-454.4,10.9,-152.5,11.3
41,B339-G077,10.25295833,39.93172222,1.38,193.91,18.7,-0.3311,-1.337,-0.5,0.2,-227.1,12.6,72.7,13
42,B023-G078,10.25495833,41.22936111,0.33,263.1,4.4,-0.3231,-0.0391,-0.7,0.2,-443.3,0.6,-141.7,3.1
43,B248,10.28308333,40.88361111,0.49,218.26,6.7,-0.3036,-0.385,-1.4,0.2,-576.4,0.9,-275.3,3.1
44,B341-G081,10.288125,40.598,0.74,204.18,10,-0.3011,-0.6706,-0.9,0.2,-362.2,0.5,-61.5,3
45,B024-G082,10.29941667,41.76363889,0.57,329.87,7.8,-0.2873,0.495,-0.6,0.2,-215,4.9,87.3,5.7
46,B025-G084,10.30229167,41.00786111,0.39,227.89,5.3,-0.2885,-0.2608,-1.4,0.2,-201.7,0.5,99.5,3
47,B249,10.30241667,41.02019444,0.38,229.25,5.2,-0.2883,-0.2485,0.3,0.3,-536.7,8.8,-235.4,9.3
48,B027-G087,10.31058333,40.93080556,0.44,219.91,6,-0.2826,-0.3379,-1.3,0.2,-286.6,0.7,14.5,3.1
49,B026-G086,10.310625,41.41113889,0.31,296.93,4.3,-0.2805,0.1425,-0.4,0.2,-256.3,0.6,45.5,3.1
50,B028-G088,10.31875,40.98422222,0.4,224.15,5.4,-0.2762,-0.2845,-2.5,0.2,-400.1,0.8,-98.9,3.1
51,B020D-G089,10.32179167,41.13586111,0.3,244.07,4.1,-0.2732,-0.1328,-2.1,0.3,-558.5,0.7,-257.1,3.1
52,B029-G090,10.32425,41.00638889,0.38,226.03,5.1,-0.2719,-0.2623,-0.3,0.2,-505.2,0.6,-204,3.1
53,B030-G091,10.32808333,40.95433333,0.41,220.58,5.6,-0.2692,-0.3144,-0.3,0.2,-392.9,0.6,-91.8,3.1
54,B031-G092,10.33720833,40.9845,0.39,222.69,5.3,-0.2622,-0.2843,-0.5,0.2,-319,0.6,-17.9,3.1
55,B032-G093,10.339625,41.29172222,0.26,275.06,3.5,-0.2592,0.023,-0.7,0.2,-526.3,6.6,-224.7,7.2
56,B033-G095,10.36,41.00388889,0.36,222.76,4.9,-0.245,-0.2649,-1.6,0.3,-453.6,0.8,-152.5,3.1
57,B034-G096,10.36716667,40.89711111,0.44,212.84,6,-0.2399,-0.3717,-0.6,0.2,-556.5,9.7,-255.5,10.2
58,B457-G097,10.37179167,42.31030556,1.07,347.48,14.5,-0.2314,1.0416,-1.1,0.3,-330,17.7,-27.2,18
59,B035,10.38575,41.64241667,0.44,329.13,5.9,-0.2233,0.3735,-0.8,0.2,-49.3,0.4,252.7,3
60,B036,10.38679167,41.43475,0.28,306.61,3.8,-0.2233,0.1659,-0.8,0.2,-510.3,0.5,-208.6,3
61,B037-V327,10.39575,41.24863889,0.22,264.67,3,-0.2172,-0.0203,-0.8,0.2,-330.3,1.4,-28.9,3.3
62,B038-G098,10.39979167,41.32077778,0.22,283.63,3,-0.2139,0.0519,-1.7,0.2,-179.4,0.6,122.1,3.1
63,B039-G101,10.40779167,41.34725,0.22,290.65,3,-0.2078,0.0783,-0.8,0.2,-244.9,0.5,56.6,3
64,B042-G104,10.42370833,41.12394444,0.24,233.57,3.3,-0.1965,-0.145,-0.9,0.2,-294.6,0.6,6.6,3.1
65,B044-G107,10.42879167,41.33505556,0.2,288.98,2.8,-0.1921,0.0661,-0.8,0.2,-271.7,0.5,29.8,3
66,B343-G105,10.42958333,40.20622222,1.08,190.38,14.7,-0.1948,-1.0629,-1.6,0.2,-356,13.8,-56.1,14.1
67,B045-G108,10.429625,41.57230556,0.36,327.84,4.9,-0.1907,0.3033,-0.9,0.2,-425.3,0.4,-123.5,3
68,B046-G109,10.43583333,41.77436111,0.54,339.84,7.3,-0.1855,0.5054,-1.1,0.2,-351.3,7.4,-49.3,8
69,B048-G110,10.43970833,41.22516667,0.19,256.61,2.6,-0.1842,-0.0439,-0.8,0.2,-228.1,0.5,73.2,3
70,B047-G111,10.43983333,41.70113889,0.47,337.08,6.4,-0.1827,0.4321,-1.6,0.2,-294.8,9.2,7.1,9.7
71,B050-G113,10.44283333,41.53852778,0.32,326.12,4.4,-0.181,0.2695,-0.8,0.2,-110.2,0.4,191.5,3
72,B051-G114,10.44458333,41.42197222,0.24,310.36,3.2,-0.18,0.1529,-0.8,0.2,-262.4,0.5,39.1,3
73,B054-G115,10.44866667,41.01536111,0.31,215.06,4.2,-0.178,-0.2537,-0.2,0.2,-397.2,7.5,-96.2,8.1
74,B055-G116,10.45995833,41.20344444,0.18,248.78,2.5,-0.169,-0.0656,-0.1,0.2,-312,0.5,-10.8,3
75,B254,10.46041667,41.27386111,0.17,271.63,2.3,-0.1685,0.0048,-0.9,0.2,-421,12.3,-119.7,12.7
76,B056-G117,10.46316667,40.96116667,0.35,208.5,4.8,-0.1672,-0.3079,0,0.2,-359.8,0.4,-58.9,3
77,B057-G118,10.47008333,40.86808333,0.43,202.02,5.9,-0.1622,-0.401,-2.1,0.3,-424.7,0.8,-124,3.1
78,B058-G119,10.47083333,40.78602778,0.51,198.52,6.9,-0.1618,-0.4831,-1.1,0.2,-220.5,0.8,80.1,3.1
79,B059-G120,10.47545833,41.18352778,0.18,241.47,2.4,-0.1574,-0.0856,-1,0.2,-262.7,0.7,38.5,3.1
80,B060-G121,10.48754167,41.08736111,0.23,219.25,3.2,-0.1485,-0.1817,-1.8,0.2,-536.3,0.6,-235.3,3.1
81,B061-G122,10.50058333,41.49325,0.26,328.41,3.6,-0.1378,0.2241,-0.7,0.2,-275.2,5.4,26.3,6.2
82,B063-G124,10.50366667,41.48597222,0.26,327.99,3.5,-0.1355,0.2168,-0.8,0.2,-305.7,0.5,-4.2,3
83,B064-G125,10.50804167,41.18541667,0.16,237.78,2.1,-0.1329,-0.0837,-1.3,0.2,-293.5,0.5,7.6,3
84,B065-G126,10.50804167,40.67030556,0.61,192.6,8.4,-0.1339,-0.5989,-0.9,0.2,-408.6,0.6,-108.2,3.1
85,B344-G127,10.512375,41.86727778,0.61,347.9,8.3,-0.1282,0.5982,-1,0.2,-240.6,6.4,61.4,7.1
86,B067-G129,10.51329167,41.07325,0.23,213.39,3.2,-0.1291,-0.1959,-1.4,0.2,-334.8,0.7,-33.9,3.1
87,B068-G130,10.513375,40.98061111,0.32,204.13,4.3,-0.1293,-0.2885,-0.2,0.2,-321.2,0.4,-20.4,3
88,B257-V219,10.51366667,40.97052778,0.33,203.37,4.4,-0.1291,-0.2986,-0.2,0.2,-479.8,0.7,-179,3.1
89,B461-G131,10.51766667,42.05738889,0.8,351.06,10.9,-0.1239,0.7883,-0.6,0.2,-296.5,7.5,5.8,8.1
90,B041D,10.51966667,41.27980556,0.12,274.91,1.7,-0.1239,0.0106,-1.8,0.5,-213,1.7,88.2,3.4
91,B070-G133,10.52879167,41.13230556,0.18,220.61,2.5,-0.1173,-0.1369,-1.9,0.2,-223.4,0.6,77.6,3.1
92,B071,10.52970833,41.20333333,0.13,240.53,1.8,-0.1165,-0.0658,-0.2,0.2,-554.4,0.7,-253.3,3.1
93,B073-G134,10.53054167,40.98925,0.3,202.56,4.1,-0.1163,-0.2799,-0.6,0.2,-502.2,0.4,-201.4,3
94,B072,10.531,41.37988889,0.16,313.85,2.2,-0.1152,0.1107,-0.7,0.2,-85.7,0.6,215.6,3.1
95,B074-G135,10.5335,41.72266667,0.47,346.04,6.4,-0.1128,0.4535,-1.5,0.2,-440.3,0.5,-138.5,3
96,B075-G136,10.53679167,41.33925,0.13,302.27,1.8,-0.111,0.0701,-1.3,0.2,-148.1,0.6,153.2,3.1
97,MITA140,10.539625,41.296,0.11,283.83,1.5,-0.1089,0.0268,-0.2,0.2,-322.8,0.5,-21.6,3
98,B045D,10.541125,41.35402778,0.14,308.23,1.9,-0.1077,0.0848,-0.3,0.3,-299.8,0.9,1.5,3.1
99,B076-G138,10.54266667,41.08944444,0.21,210.76,2.8,-0.107,-0.1797,-1.3,0.2,-537.8,0.5,-236.9,3
100,B077-G139,10.54641667,41.12608333,0.18,216.03,2.4,-0.1041,-0.1431,-0.8,0.2,-583.2,0.6,-282.2,3.1
101,B078-G140,10.55070833,41.29969444,0.11,286.87,1.4,-0.1006,0.0305,-1,0.2,-277.1,2.8,24.1,4.1
102,B080-G141,10.55166667,41.31683333,0.11,295.51,1.5,-0.0998,0.0476,-1.4,0.3,-260.2,0.7,41,3.1
103,B345-G143,10.55883333,40.29347222,0.98,185.61,13.3,-0.0959,-0.9758,-1.5,0.2,-368.4,12.5,-68.6,12.9
104,B462,10.56133333,42.02686111,0.76,353.11,10.4,-0.0916,0.7577,-2.8,0.4,-214.3,23.1,87.8,23.3
105,B082-G144,10.566,41.02066667,0.26,199.8,3.6,-0.0895,-0.2486,-0.7,0.2,-371.6,0.6,-70.8,3.1
106,B083-G146,10.5685,41.75575,0.49,349.91,6.7,-0.0866,0.4865,-1.1,0.2,-347.2,0.6,-45.4,3.1
107,B084,10.57270833,41.31547222,0.1,298.83,1.3,-0.084,0.0462,-1.1,0.2,-325.8,10.5,-24.6,10.9
108,B085-G147,10.576,40.66588889,0.61,187.77,8.3,-0.0824,-0.6034,-1.7,0.2,-429.1,0.7,-128.8,3.1
109,B086-G148,10.57770833,41.23391667,0.09,246.28,1.2,-0.0804,-0.0353,-1.8,0.2,-183.3,0.6,117.7,3.1
110,B087,10.58254167,41.63783333,0.38,348.31,5.1,-0.0763,0.3686,-1,0.2,-369.2,8.8,-67.6,9.3
111,B088-G150,10.58779167,41.53727778,0.28,344.87,3.8,-0.0725,0.268,-1.8,0.2,-489.4,0.6,-188,3.1
112,B090,10.58783333,41.04930556,0.23,198.35,3.2,-0.073,-0.2199,-0.8,0.2,-407.2,0.7,-106.4,3.1
113,SK050A,10.58983333,41.23877778,0.08,246.85,1.1,-0.0712,-0.0305,0.3,0.3,-337.8,5.8,-36.8,6.5
114,B092-G152,10.59325,41.13575,0.15,207.26,2,-0.0688,-0.1335,-1,0.2,-426.5,0.6,-125.6,3.1
115,B347-G154,10.595375,41.90763889,0.64,354.06,8.7,-0.0664,0.6384,-2,0.3,-266.4,26.4,35.5,26.6
116,B348-G153,10.5955,41.87455556,0.61,353.75,8.3,-0.0663,0.6053,-0.8,0.2,-189.5,7.3,112.4,7.9
117,B093-G155,10.59654167,41.36208333,0.11,324.56,1.6,-0.0661,0.0928,-1.2,0.2,-460.1,0.5,-158.9,3
118,B094-G156,10.60441667,40.95491667,0.32,190.9,4.4,-0.0605,-0.3143,-0.4,0.2,-563.6,0.6,-263,3.1
119,B095-G157,10.6075,41.09341667,0.19,198.28,2.5,-0.0581,-0.1758,-1.4,0.2,-116.1,0.5,184.7,3
120,B096-G158,10.60875,41.32077778,0.08,312.14,1,-0.057,0.0515,-0.3,0.2,-321.3,0.4,-20.2,3
121,B098,10.61416667,40.99336111,0.28,190.9,3.8,-0.0531,-0.2759,-0.8,0.2,-311.1,0.6,-10.5,3.1
122,B097-G159,10.6145,41.42558333,0.16,341.42,2.2,-0.0525,0.1563,-1,0.2,-275,0.5,26.2,3
123,B099-G161,10.61495833,41.16741667,0.11,207.23,1.6,-0.0524,-0.1018,-1.3,0.2,-113.2,0.7,187.7,3.1
124,B350-G162,10.6185,40.41419444,0.86,183.37,11.7,-0.0503,-0.8551,-1.4,0.2,-422.9,0.7,-123.1,3.1
125,B100-G163,10.62066667,40.83222222,0.44,186.31,6,-0.0484,-0.437,-0.9,0.2,-428.4,8,-128,8.5
126,B101-G164,10.621,41.13766667,0.14,200,1.9,-0.0479,-0.1316,-1,0.2,-352.1,2.6,-51.3,4
127,NB108,10.622,41.25433333,0.05,252.4,0.7,-0.047,-0.0149,0.1,0.3,-387,13.9,-86,14.2
128,B103-G165,10.62395833,41.29930556,0.05,303.41,0.7,-0.0455,0.03,-0.5,0.2,-369.1,0.6,-68.1,3.1
129,B104-NB5,10.62475,41.29047222,0.05,295.26,0.7,-0.045,0.0212,-1.4,0.3,32.9,0.7,333.9,3.1
130,B105-G166,10.628125,41.50758333,0.24,349.94,3.3,-0.0423,0.2383,-1,0.2,-240.2,6.6,61.1,7.2
131,B106-G168,10.62933333,41.20508333,0.08,212.93,1,-0.0416,-0.0642,-0.6,0.2,-66.3,0.4,234.6,3
132,B108-G167,10.62995833,41.14758333,0.13,198.68,1.7,-0.0411,-0.1217,0,0.2,-550.5,0.7,-249.7,3.1
133,B107-G169,10.63029167,41.32747222,0.07,324.99,1,-0.0408,0.0582,-1,0.2,-335.5,0.5,-34.4,3
134,B109-G170,10.634,41.17441667,0.1,201.87,1.4,-0.0381,-0.0949,-0.2,0.2,-619.3,0.5,-318.4,3
135,B110-G172,10.63791667,41.05788889,0.21,189.45,2.9,-0.0352,-0.2114,-0.7,0.2,-237,0.5,63.7,3
136,NB16,10.638,41.338,0.08,333.03,1,-0.035,0.0687,-1.4,0.5,-95.1,36.5,206,36.6
137,B111-G173,10.63820833,41.00736111,0.26,187.61,3.6,-0.035,-0.2619,-1.3,0.2,-407.8,0.7,-107.2,3.1
138,B260,10.63829167,41.52355556,0.26,352.24,3.5,-0.0347,0.2543,-0.6,0.3,-182.8,1.2,118.5,3.2
139,B112-G174,10.63858333,41.29511111,0.04,306.79,0.6,-0.0346,0.0258,0.3,0.2,-275.7,0.4,25.3,3
140,B114-G175,10.64291667,41.21247222,0.06,208.89,0.9,-0.0313,-0.0568,-2.2,0.4,-231.9,3.5,69,4.6
141,B117-G176,10.64325,40.95258333,0.32,185.63,4.3,-0.0312,-0.3167,-1.7,0.2,-528.1,0.7,-227.6,3.1
142,NB17-AU014,10.64333333,41.29205556,0.04,306.32,0.5,-0.031,0.0228,-1.3,0.3,-316.9,13.4,-15.9,13.7
143,B115-G177,10.643375,41.23388889,0.05,221.21,0.6,-0.031,-0.0354,0.1,0.2,-600.6,0.5,-299.7,3
144,B116-G178,10.64391667,41.54761111,0.28,353.76,3.8,-0.0304,0.2783,-0.6,0.2,-347.3,0.5,-46,3
146,B064D-NB6,10.64808333,41.24286111,0.04,226.1,0.5,-0.0274,-0.0264,-1.1,0.2,20.7,0.7,321.6,3.1
147,B119-NB14,10.65045833,41.29316667,0.04,312.98,0.5,-0.0256,0.0239,-0.8,0.3,-380.3,0.5,-79.3,3
148,B351-G179,10.65825,42.19186111,0.92,358.79,12.6,-0.0195,0.9227,-1.5,0.7,-325.1,21.8,-22.9,22
149,NB21-AU005,10.65825,41.26636111,0.02,261.63,0.3,-0.0198,-0.0029,-1.1,0.3,-632.4,29.7,-331.5,29.9
150,B352-G180,10.659125,42.03697222,0.77,358.59,10.5,-0.0189,0.7677,-1.5,0.2,-291.4,10.8,10.6,11.2
151,B068D,10.66625,41.34441667,0.08,349.62,1,-0.0138,0.0751,-0.5,0.4,-202.2,11.5,98.8,11.9
152,B122-G181,10.667125,41.563,0.29,357.45,4,-0.0131,0.2937,-1.2,0.2,-436.2,11.3,-134.9,11.7
153,B123-G182,10.66941667,41.17594444,0.09,186.97,1.3,-0.0114,-0.0933,-0.7,0.2,-371.5,0.6,-70.7,3.1
154,B124-NB10,10.67266667,41.25658333,0.02,215.21,0.2,-0.009,-0.0127,-0.5,0.2,-26.2,0.5,274.7,3
155,B125-G183,10.676125,41.09194444,0.18,182.06,2.4,-0.0064,-0.1773,-1.5,0.2,-670.1,0.5,-369.4,3
156,DAO55,10.67708333,40.49083333,0.78,180.42,10.6,-0.0057,-0.7785,-0.8,0.5,-425.4,1.6,-125.6,3.4
157,B126-G184,10.68208333,41.21188889,0.06,181.88,0.8,-0.0019,-0.0574,-1.5,0.2,-169.6,3.4,131.2,4.5
158,B127-G185,10.68541667,41.24486111,0.02,178.53,0.3,6.00E-04,-0.0244,-0.7,0.2,-526.5,0.6,-225.6,3.1
159,NB89,10.68658333,41.24561111,0.02,176.36,0.3,0.0015,-0.0237,-0.9,0.3,-336.1,9.8,-35.2,10.2
160,B072D,10.69079167,41.4575,0.19,1.42,2.6,0.0047,0.1882,-0.9,0.3,-262.5,11.8,38.6,12.2
161,BH16,10.69208333,41.29338889,0.02,13.16,0.3,0.0056,0.0241,-0.2,0.3,-99.9,1.1,201,3.2
162,B523-NB18,10.69308333,41.309,0.04,9.13,0.5,0.0064,0.0397,-1.3,0.3,-210.2,39,90.7,39.1
163,B354-G186,10.6985,42.00686111,0.74,0.8,10,0.0103,0.7376,-1.6,0.5,-172.6,17,129.3,17.3
164,B128-G187,10.69920833,41.18716667,0.08,172.37,1.1,0.011,-0.0821,-0.6,0.2,-384,0.4,-83.2,3
165,NB41,10.70075,41.26683333,0.01,101.37,0.2,0.0122,-0.0024,0,0.3,-329.9,14.4,-29,14.7
166,B129,10.70145833,41.4185,0.15,4.85,2,0.0127,0.1492,-0.8,0.2,-46,0.7,255.1,3.1
167,NB39-AU006,10.70229167,41.26322222,0.01,114.46,0.2,0.0133,-0.0061,-1.4,0.3,-297.1,14.3,3.8,14.6
168,B130-G188,10.70358333,41.49797222,0.23,3.56,3.1,0.0142,0.2287,-1.2,0.2,-22.7,0.5,278.5,3
169,B262,10.70854167,41.32447222,0.06,18.05,0.8,0.018,0.0552,-1.3,0.3,-340.1,1.3,-39.2,3.3
170,BH18,10.711375,41.17594444,0.1,167.81,1.3,0.0202,-0.0933,0.1,0.3,-517.7,14.5,-217,14.8
171,B131-G189,10.71170833,41.28536111,0.03,51.72,0.4,0.0204,0.0161,-0.7,0.2,-472,0.5,-171.1,3
172,B132-NB15,10.71433333,41.26130556,0.02,109.61,0.3,0.0224,-0.008,-0.5,0.3,70.5,0.5,371.3,3
173,B134-G190,10.71520833,41.23433333,0.04,146.61,0.6,0.023,-0.0349,-0.9,0.2,-380.4,0.4,-79.6,3
174,B078D,10.71629167,41.36811111,0.1,13.54,1.4,0.0238,0.0988,-0.4,0.4,-36.4,14.2,264.6,14.5
175,B135-G192,10.71658333,41.51897222,0.25,5.48,3.4,0.024,0.2497,-1.8,0.2,-380.5,0.6,-79.3,3.1
176,B264-NB19,10.721625,41.27066667,0.03,87.13,0.4,0.0278,0.0014,-2.4,0.9,-49,38.7,251.8,38.8
177,B136-G194,10.7235,41.32622222,0.06,27.17,0.9,0.0292,0.057,-1.2,0.2,-627.6,16.7,-326.7,17
178,B137-G195,10.725,41.53733333,0.27,6.44,3.7,0.0303,0.2681,-1.5,0.2,-220.5,9.7,80.7,10.2
179,B138,10.73175,41.30975,0.05,41.19,0.7,0.0354,0.0405,0,0.2,-360.5,0.7,-59.6,3.1
180,PHF4-2,10.740875,41.30677778,0.06,48.42,0.8,0.0423,0.0375,-0.2,0.3,-249.5,14.2,51.3,14.5
181,AU010,10.74220833,41.28130556,0.04,74.46,0.6,0.0433,0.012,-0.5,0.3,-324.9,0.6,-24.1,3.1
182,B140-G196,10.74479167,41.14797222,0.13,159.5,1.8,0.0453,-0.1213,-0.1,0.3,-472.1,0.5,-171.5,3
183,B087D,10.7455,41.15244444,0.13,158.56,1.7,0.0459,-0.1168,-1.2,0.2,-675.3,0.7,-374.7,3.1
184,B141-G197,10.74704167,41.54652778,0.28,9.57,3.8,0.0467,0.2773,-1.4,0.2,-172.3,0.5,128.9,3
185,B143-G198,10.74858333,41.32202778,0.07,42.33,1,0.0481,0.0528,-0.1,0.2,-143.2,0.4,157.6,3
186,B144,10.74945833,41.26825,0.05,91.19,0.7,0.0488,-0.001,0.1,0.2,-16.9,0.5,283.9,3
187,B090D,10.755125,41.26955556,0.05,89.68,0.7,0.053,3.00E-04,-0.3,0.2,15.2,12.2,316,12.6
188,B091D-D058,10.756,41.50486111,0.24,12.79,3.3,0.0535,0.2356,-0.7,0.2,-122.3,0.5,178.8,3
189,B145,10.756625,41.20747222,0.08,138.74,1.1,0.0542,-0.0618,-1.2,0.4,-309.2,0.8,-8.5,3.1
190,B092D,10.75708333,41.21913889,0.07,132.58,1,0.0545,-0.0501,0.4,0.5,-321,11,-20.3,11.4
191,B265,10.758,40.88383333,0.39,171.8,5.3,0.0555,-0.3854,-0.8,0.3,-499.3,1.4,-199.1,3.3
192,B146,10.76225,41.25627778,0.06,102.53,0.8,0.0584,-0.013,-1,0.2,-25.6,0.6,275.1,3.1
193,AP5808,10.76375,41.28925,0.06,71.42,0.9,0.0595,0.02,0.2,0.3,-322.2,18.8,-21.4,19
194,B147-G199,10.76375,41.35597222,0.11,34.42,1.4,0.0594,0.0867,-0.1,0.2,-89.1,1.4,211.8,3.3
195,B266,10.76466667,41.67533333,0.41,8.38,5.6,0.0598,0.4061,-1,0.2,-168.7,0.7,132.6,3.1
196,BH23,10.76579167,41.34113889,0.09,40.3,1.3,0.061,0.0719,0.1,0.3,-300.2,10.4,0.6,10.8
197,B148-G200,10.766125,41.30133333,0.07,62.36,0.9,0.0613,0.0321,-1.1,0.2,-336.1,0.7,-35.3,3.1
198,AP2520,10.77079167,41.22008333,0.08,127.17,1.1,0.0648,-0.0492,-0.1,0.3,-331.3,11.1,-30.6,11.5
199,SK118C,10.771875,41.24122222,0.07,113.12,1,0.0656,-0.028,-0.2,0.2,-368.1,13.5,-67.4,13.8
200,B149-G201,10.77283333,41.57425,0.31,12.21,4.2,0.066,0.305,-1.3,0.2,-52.3,0.7,248.8,3.1
201,B467-G202,10.776875,42.03030556,0.76,5.15,10.4,0.0686,0.7611,-1.4,0.2,-282.4,17.3,19.3,17.6
202,B268,10.77995833,41.19661111,0.1,135.34,1.4,0.0718,-0.0726,-0.2,0.3,-234.5,0.9,66.1,3.1
203,B269,10.78075,41.45913889,0.2,20.78,2.8,0.0721,0.1899,-0.8,0.2,-320.3,9.5,-19.3,10
204,B150-G203,10.78133333,41.33877778,0.1,46.25,1.4,0.0726,0.0695,-0.3,0.2,-138.5,0.4,162.3,3
205,PHF6-1,10.78341667,41.30508333,0.08,64.23,1.1,0.0742,0.0358,-0.2,0.2,-118.7,0.6,182.1,3.1
206,B151-G205,10.78983333,41.35891667,0.12,41.37,1.6,0.079,0.0897,-0.6,0.2,-345.5,0.5,-44.7,3
207,SK059A,10.791125,41.31691667,0.09,59.21,1.3,0.08,0.0477,-0.2,0.3,-124.9,10.7,175.9,11.1
208,B152-G207,10.79175,41.30447222,0.09,66.36,1.2,0.0805,0.0352,-0.7,0.2,-134.7,0.4,166,3
209,B356-G206,10.79316667,41.84202778,0.58,8.04,7.9,0.0809,0.5728,-1.4,0.2,-186.2,16.5,115.3,16.8
210,B153,10.79429167,41.24761111,0.09,104.68,1.2,0.0825,-0.0216,-0.3,0.2,-247.8,0.5,52.9,3
211,AP1895,10.79916667,41.37397222,0.14,39.38,1.8,0.086,0.1048,-0.3,0.3,-252.8,14.1,48,14.4
212,B154-G208,10.80191667,41.26802778,0.09,90.77,1.2,0.0882,-0.0012,-0.2,0.2,-214.5,0.5,86.2,3
213,B468,10.80208333,39.79922222,1.47,176.49,20,0.0903,-1.4703,-0.7,0.1,-278,22,20.6,22.2
215,B155-G210,10.80579167,41.05786111,0.23,156.61,3.1,0.0914,-0.2114,-0.5,0.2,-417.8,0.7,-117.4,3.1
216,B156-G211,10.80720833,41.02163889,0.26,159.51,3.6,0.0925,-0.2476,-1.2,0.2,-374.6,0.5,-74.3,3
217,B157-G212,10.80833333,41.18880556,0.12,130.81,1.7,0.0931,-0.0804,-2.6,0.3,-14.3,1.3,286.3,3.3
218,B158-G213,10.81004167,41.12255556,0.17,147.2,2.4,0.0945,-0.1467,-0.8,0.2,-184.3,0.5,116.2,3
219,B159,10.81104167,41.42041667,0.18,32.09,2.4,0.0948,0.1512,-1.2,0.2,-526,0.5,-225.1,3
220,B160-G214,10.81220833,41.02655556,0.26,158.36,3.6,0.0963,-0.2427,-2.8,0.4,-358.1,1.2,-57.8,3.2
221,B161-G215,10.81429167,41.19027778,0.13,128.96,1.7,0.0976,-0.0789,-1.1,0.2,-450.8,0.5,-150.3,3
222,SK122C,10.81629167,41.50911111,0.26,22.35,3.5,0.0986,0.2399,-0.8,0.2,-305,10.2,-4,10.6
223,SK063A,10.81704167,41.46583333,0.22,26.78,3,0.0993,0.1966,0.3,0.3,-266.5,9.7,34.4,10.2
224,B162-G216,10.818375,41.40125,0.17,37.23,2.3,0.1004,0.132,-0.5,0.2,-135.6,0.5,165.2,3
225,B163-G217,10.8235,41.4625,0.22,28.3,3,0.1041,0.1933,-0.1,0.2,-163.5,0.5,137.4,3
226,B358-G219,10.82441667,39.82030556,1.45,175.76,19.8,0.1074,-1.4492,-1.9,0.1,-315,2,-16.5,3.6
227,B164-V253,10.82558333,41.20813889,0.12,119.92,1.7,0.1061,-0.0611,-0.3,0.3,55.1,0.6,355.6,3.1
228,AP1335,10.82579167,41.25963889,0.11,95.14,1.5,0.1062,-0.0096,0.3,0.3,-203.5,16.3,97.1,16.6
229,B165-G218,10.82591667,41.18186111,0.14,129.39,1.9,0.1064,-0.0873,-2,0.2,-63.9,0.7,236.6,3.1
230,B167,10.83804167,41.23563889,0.12,106.2,1.6,0.1154,-0.0335,-0.4,0.2,-200.7,0.4,99.9,3
231,B168,10.84383333,41.73488889,0.48,14.31,6.5,0.1188,0.4657,-0.6,0.2,-115.7,0.6,185.5,3.1
232,B169,10.84583333,41.25705556,0.12,95.7,1.7,0.1212,-0.0121,0.3,0.2,-131.3,0.4,169.3,3
233,B271,10.846125,41.424,0.2,38.04,2.7,0.1211,0.1548,-1.2,0.9,-359.1,1.4,-58.3,3.3
234,B170-G221,10.84779167,40.84494444,0.44,163.77,6,0.1235,-0.4242,-0.7,0.2,-291.3,0.6,8.7,3.1
235,B272-V294,10.85633333,41.61991667,0.37,20.1,5.1,0.1284,0.3508,-0.9,0.2,-99.9,4.1,201.1,5.1
236,B171-G222,10.85670833,41.26033333,0.13,93.9,1.8,0.1294,-0.0088,-0.3,0.2,-267.5,0.5,33.1,3
237,B172-G223,10.85833333,41.35877778,0.16,55.5,2.2,0.1304,0.0896,-0.6,0.2,-284.4,1.8,16.3,3.5
238,B173-G224,10.86983333,41.37694444,0.18,52.2,2.4,0.139,0.1078,-0.8,0.2,-316.8,0.5,-16.1,3
239,B174-G226,10.87629167,41.64894444,0.41,20.66,5.5,0.1433,0.3798,-1,0.2,-491.4,0.5,-190.3,3
240,B176-G227,10.876875,40.81975,0.47,162.06,6.4,0.1455,-0.4494,-1.6,0.2,-533.4,0.8,-233.5,3.1
241,B177-G228,10.87704167,41.09511111,0.23,140.19,3.1,0.145,-0.174,-1.2,0.2,-400.3,1.1,-100,3.2
242,B178-G229,10.87829167,41.35455556,0.17,59.56,2.3,0.1454,0.0854,-1.2,0.2,-148.9,0.5,151.7,3
243,B179-G230,10.87958333,41.30408333,0.15,76.57,2.1,0.1465,0.035,-1,0.2,-145,0.5,155.6,3
244,B180-G231,10.88216667,41.12955556,0.2,133.16,2.8,0.1488,-0.1396,-0.9,0.2,-196.7,0.4,103.6,3
245,B181-G232,10.88525,41.48538889,0.26,34.8,3.6,0.1503,0.2163,-0.5,0.2,-264.5,0.4,36.3,3
246,B182-G233,10.90275,41.13672222,0.21,128.85,2.9,0.1643,-0.1324,-1,0.2,-356.6,0.5,-56.3,3
247,B183-G234,10.90391667,41.034,0.29,144.86,3.9,0.1654,-0.2351,-0.5,0.2,-185.7,0.4,114.5,3
248,B185-G235,10.90533333,41.24544444,0.17,98.1,2.3,0.166,-0.0236,-0.6,0.2,-152.5,1.7,147.9,3.4
249,B184-G236,10.90633333,41.60958333,0.38,25.96,5.2,0.1658,0.3405,0.1,0.2,-154,6.9,146.9,7.5
250,B186,10.90929167,41.60669444,0.38,26.46,5.1,0.168,0.3376,0.2,0.3,-119.2,10.1,181.7,10.5
251,B187-G237,10.911,41.49641667,0.28,36.72,3.9,0.1696,0.2274,-1.6,0.3,-51.1,3.5,249.7,4.6
252,B274,10.914,41.52177778,0.31,34.2,4.2,0.1718,0.2527,-0.9,0.2,-338.3,18.3,-37.5,18.5
253,B188-G239,10.92295833,41.40711111,0.23,52.32,3.1,0.1788,0.1381,-1.7,0.2,-234,3.2,66.6,4.4
254,B189-G240,10.92675,41.58980556,0.37,29.45,5,0.1811,0.3208,0.4,0.2,-136.9,11.7,164,12.1
255,B190-G241,10.93079167,41.56833333,0.35,31.61,4.8,0.1842,0.2993,-1.2,0.2,-88.4,0.5,212.4,3
256,B194-G243,10.93825,41.10241667,0.25,131.07,3.5,0.1911,-0.1666,-1.4,0.2,-401.5,0.5,-101.3,3
257,B193-G244,10.93966667,41.616,0.4,28.79,5.4,0.1907,0.347,-0.1,0.2,-62.1,0.5,238.8,3
258,SK072A,10.94454167,41.3745,0.22,61.59,3,0.1951,0.1055,0,0.2,-137.2,5.4,163.4,6.2
259,B103D-G245,10.94808333,41.45222222,0.27,47.14,3.7,0.1975,0.1832,-0.8,0.2,-170.9,8.1,129.8,8.6
260,B472-D064,10.95175,41.44811111,0.27,48.19,3.7,0.2003,0.1791,-1,0.2,-120.5,0.5,180.1,3
261,SK073A,10.95216667,41.13011111,0.24,124.56,3.3,0.2015,-0.1389,-0.5,0.3,-443.4,7.3,-143.2,7.9
262,B196-G246,10.952375,40.71022222,0.59,160.03,8.1,0.203,-0.5588,-1.1,0.2,-320.1,0.7,-20.5,3.1
263,B197-G247,10.95716667,41.50280556,0.31,41.12,4.2,0.2041,0.2339,-0.3,0.2,-60,7.6,240.7,8.2
264,B199-G248,10.957625,40.97077778,0.36,145.34,4.9,0.2062,-0.2982,-1.5,0.2,-370.4,0.6,-70.4,3.1
265,B198-G249,10.95879167,41.53127778,0.33,38.04,4.5,0.2053,0.2623,-1,0.2,-2.3,7.7,298.4,8.3
266,B200,10.96016667,41.48969444,0.3,43.08,4.1,0.2064,0.2207,-1.4,0.3,-361.3,33.5,-60.6,33.6
267,B201-G250,10.970125,41.16613889,0.24,115.56,3.2,0.215,-0.1028,-1.1,0.2,-712.8,0.5,-412.6,3
268,B202-G251,10.977875,41.00902778,0.34,139.58,4.6,0.2213,-0.2599,-1.2,0.2,-346.4,0.5,-46.4,3
269,B203-G252,10.982625,41.54308333,0.35,39.13,4.8,0.2231,0.2742,-0.8,0.2,-236.9,0.5,63.8,3
270,B204-G254,10.98508333,41.36747222,0.25,66.39,3.4,0.2255,0.0986,-0.7,0.2,-363.5,0.5,-63,3
271,B361-G255,10.98791667,40.23366667,1.06,167.39,14.4,0.2316,-1.0353,-1.4,0.2,-341.5,10.2,-42.7,10.6
272,B205-G256,10.992375,41.41063889,0.27,58.44,3.7,0.2308,0.1418,-0.9,0.2,-379.8,0.5,-79.3,3
273,B206-G257,10.99429167,41.50502778,0.33,44.48,4.5,0.2319,0.2362,-1.1,0.2,-196.2,0.5,104.4,3
274,B110D-V296,10.99641667,41.61147222,0.41,34.24,5.6,0.2332,0.3426,-1.4,0.3,-265,1,35.8,3.2
275,B207-G258,10.99766667,41.10297222,0.29,125.11,3.9,0.2359,-0.1659,-1.3,0.2,-163.8,0.5,136.3,3
276,B208-G259,11.00033333,41.38655556,0.26,63.58,3.6,0.2369,0.1177,-0.4,0.2,-264.4,0.5,36.1,3
277,M009,11.00345833,41.28680556,0.24,85.71,3.3,0.2396,0.018,-1.8,0.3,-349.2,20.1,-48.9,20.3
279,B209-G261,11.01095833,41.42408333,0.29,57.61,3.9,0.2447,0.1553,-1,0.2,-473.3,0.5,-172.8,3
280,B211-G262,11.01216667,41.33466667,0.25,75.01,3.5,0.246,0.0659,-1.4,0.2,-136.6,1.8,163.8,3.5
281,B212-G263,11.01270833,41.08233333,0.31,127.02,4.2,0.2473,-0.1865,-1.7,0.2,-403,0.5,-103,3
282,B213-G264,11.01466667,41.51075,0.35,45.61,4.7,0.2472,0.2419,-0.8,0.2,-571.6,1.8,-271,3.5
283,B214-G265,11.0165,41.4385,0.3,55.71,4.1,0.2488,0.1697,-1.3,0.2,-274.7,14.9,25.8,15.2
284,B215-G266,11.02666667,41.52880556,0.36,44.56,5,0.2561,0.26,-0.6,0.2,-158.3,0.4,142.3,3
286,B217-G269,11.04416667,41.39755556,0.3,64.47,4.1,0.2697,0.1288,-0.8,0.2,-15.8,0.4,284.6,3
287,M019,11.04879167,41.39833333,0.3,64.62,4.1,0.2732,0.1296,-1.4,0.2,-260.6,16.5,39.8,16.8
288,B218-G272,11.05970833,41.32205556,0.29,79.27,3.9,0.2817,0.0534,-0.8,0.2,-220.1,1.3,80.2,3.3
289,B219-G271,11.06266667,40.94647222,0.43,138.45,5.9,0.2856,-0.3222,-0.6,0.2,-505.9,0.6,-206.2,3.1
290,B363-G274,11.071875,40.55975,0.77,157.46,10.4,0.2943,-0.7089,-2.1,0.3,-377.2,1.2,-78,3.2
291,B220-G275,11.081,41.50972222,0.38,50.91,5.2,0.2969,0.2411,-1.5,0.3,-286.9,2.4,13.6,3.8
292,B221-G276,11.096125,41.55177778,0.42,47.4,5.7,0.308,0.2832,-1.1,0.2,-468.4,0.5,-167.9,3
293,B224-G279,11.11291667,41.48055556,0.38,56.54,5.2,0.3209,0.2121,-1.5,0.2,-157.8,0.7,142.6,3.1
294,B279-D068,11.116625,41.73619444,0.57,34.58,7.7,0.3224,0.4677,0,0.2,-114.6,8.9,186.1,9.4
295,B225-G280,11.123125,41.35994444,0.34,74.47,4.7,0.3292,0.0915,-0.5,0.2,-162.5,0.6,137.7,3.1
296,B228-G281,11.138375,41.69105556,0.54,38.72,7.4,0.3389,0.4227,-0.7,0.2,-436.6,2.3,-136,3.8
297,B229-G282,11.14095833,41.64125,0.51,42.45,6.9,0.3411,0.3729,-2.1,0.3,-19.7,3.3,280.8,4.5
298,B230-G283,11.14658333,40.95338889,0.47,132.07,6.4,0.3489,-0.315,-1.9,0.2,-573.1,1,-273.5,3.2
299,B365-G284,11.15191667,42.28913889,1.08,18.71,14.7,0.3458,1.0209,-1.4,0.2,-60.7,12.4,240.7,12.8
300,B231-G285,11.16079167,41.46305556,0.41,61.38,5.5,0.3569,0.1948,-1,0.2,-306,0.5,-5.7,3
301,B232-G286,11.167625,41.25019444,0.36,92.85,5,0.3632,-0.0181,-1.9,0.2,-191.7,0.6,108.3,3.1
302,B233-G287,11.1755,41.73183333,0.59,38.32,8,0.3664,0.4636,-1.1,0.2,-72,11.2,228.6,11.6
303,B234-G290,11.19325,41.48827778,0.44,59.99,6,0.381,0.2201,-0.8,0.2,-205.2,0.5,95,3
304,B366-G291,11.19466667,42.06402778,0.88,25.45,12,0.3787,0.7959,-2,0.2,-135.7,15.2,165.3,15.5
305,B283-G296,11.23070833,41.28338889,0.41,87.85,5.6,0.4104,0.0154,-0.8,0.2,-88.9,0.5,211,3
306,B235-G297,11.241375,41.49,0.47,61.97,6.4,0.4171,0.2221,-0.9,0.2,-92.4,0.4,207.8,3
307,B236-G298,11.28708333,40.84127778,0.62,133.09,8.5,0.4558,-0.4264,-1.5,0.3,-393,1.1,-93.8,3.2
308,B237-G299,11.28841667,41.37627778,0.47,76.52,6.3,0.4531,0.1086,-1.8,0.2,-100.7,0.6,199.2,3.1
309,B370-G300,11.30995833,41.96133333,0.84,33.84,11.4,0.4651,0.6938,-1.6,0.2,-352.7,13.7,-52,14
310,B238-G301,11.311125,41.32697222,0.47,82.81,6.5,0.4705,0.0594,-0.7,0.2,-41.9,0.4,257.9,3
311,B239-M74,11.315,41.58811111,0.57,55.79,7.8,0.4715,0.3206,-0.9,0.2,-245.9,10.9,54.2,11.3
312,B240-G302,11.35433333,41.10613889,0.53,107.71,7.2,0.5047,-0.1612,-1.5,0.2,-55.8,2,243.6,3.6
313,B287,11.36870833,41.50133333,0.56,65.45,7.7,0.5124,0.2341,-1.4,0.4,-296.7,29.1,3.2,29.3
314,B372-G304,11.389125,42.00677778,0.91,35.29,12.3,0.5236,0.7397,-1.1,0.2,-226.9,8.3,73.7,8.8
315,B373-G305,11.424375,41.75933333,0.74,48.26,10.1,0.5519,0.4924,-0.5,0.2,-216.2,7.3,84,7.9
316,SK104A,11.43454167,41.95769444,0.89,38.91,12.1,0.5577,0.6909,-0.8,0.2,-164.3,14.7,136.1,15
317,V129-BA4,11.43620833,41.8665,0.82,43.03,11.2,0.5598,0.5997,-1.4,0.2,-640.3,14.1,-340,14.4
318,B375-G307,11.43991667,41.66177778,0.69,55.01,9.4,0.5643,0.395,-0.9,0.2,-199,6.9,101,7.5
319,B377-G308,11.45116667,40.6345,0.86,137.38,11.7,0.5818,-0.6323,-1.5,0.2,-216.6,10.5,81.9,10.9
320,B270D,11.45504167,41.03033333,0.63,112.13,8.5,0.5812,-0.2364,-2.1,0.4,39.8,17.5,338.9,17.8
321,B378-G311,11.4885,41.89197222,0.87,43.73,11.8,0.5985,0.6255,-1.6,0.3,-247.5,15.2,52.7,15.5
322,B379-G312,11.495125,40.70869444,0.83,132.23,11.3,0.6145,-0.5578,-0.4,0.2,-333.2,5.5,-34.6,6.3
323,AP220,11.52575,42.10138889,1.04,36.77,14.2,0.6242,0.8352,-1.1,0.3,-333,16.4,-32.6,16.7
324,B381-G315,11.52725,41.34966667,0.64,82.48,8.7,0.6326,0.0835,-1.1,0.2,-81.9,3.2,217.5,4.4
325,B486-G316,11.53591667,40.96766667,0.71,114.91,9.6,0.6429,-0.2985,-1.4,0.2,-219.7,15.1,79.2,15.4
326,B382-G317,11.543,41.62791667,0.74,60.58,10,0.6417,0.3618,-1.9,0.2,-295.4,11.2,4.4,11.6
327,B383-G318,11.54975,41.32816667,0.65,84.54,8.9,0.6497,0.0621,-0.6,0.2,-228.1,1.7,71.2,3.4
328,B384-G319,11.591375,40.28322222,1.2,144.85,16.4,0.6919,-0.9826,-0.7,0.2,-358.4,6.8,-60.6,7.4
329,B386-G322,11.6125,42.03133333,1.03,41.99,14,0.6893,0.7658,-1.1,0.2,-391.8,11.3,-91.6,11.7
330,B387-G323,11.639625,40.73705556,0.9,126.13,12.2,0.7237,-0.5283,-2.2,0.2,12.1,14,310.4,14.3
331,G327-MVI,11.70620833,42.74630556,1.66,26.86,22.6,0.7505,1.4819,-1.6,0.1,-270.3,0.2,30.6,3
332,B391-G328,11.74208333,41.56569444,0.85,69.16,11.5,0.7913,0.3013,-1.2,0.2,-324.2,9.7,-24.9,10.2
333,B393-G330,11.755,41.40175,0.81,80.29,11.1,0.8029,0.1374,-0.9,0.3,-371.6,14.5,-72.5,14.8
334,B396-G335,11.85479167,40.36169444,1.27,135.32,17.3,0.8918,-0.9018,-2,0.4,-612.4,28.3,-315,28.5
335,B397-G336,11.86345833,41.20288889,0.89,93.89,12.1,0.887,-0.0604,-1.2,0.2,-118.8,14.4,179.8,14.7
336,B398-G341,11.99075,41.81266667,1.12,60.5,15.2,0.9736,0.5508,-0.4,0.3,-242.7,13,56.5,13.3
337,B399-G342,11.998125,41.59119444,1.04,71.47,14.1,0.9825,0.3294,-1.7,0.6,-427.8,27.1,-128.9,27.3
339,B401-G344,12.03541667,41.67830556,1.09,67.55,14.9,1.009,0.4169,-1.9,0.4,-326.1,20.7,-27.2,20.9
340,B402-G346,12.15045833,42.02633333,1.33,54.86,18.1,1.0891,0.7664,-0.7,0.3,-448.9,24.2,-149.7,24.4
342,B337D,12.29666667,41.1225,1.22,96.37,16.6,1.2145,-0.1355,-1.7,0.7,-222.1,23,75.5,23.2
343,B403-G348,12.32341667,41.58558333,1.27,75.02,17.3,1.2259,0.3279,-0.9,0.2,-258.5,11,39.7,11.4
344,B405-G351,12.41583333,41.59158333,1.34,75.48,18.2,1.295,0.3353,-1.2,0.2,-171.2,15.1,126.9,15.4
345,B407-G352,12.54145833,41.68358333,1.45,72.8,19.8,1.387,0.4293,-0.5,0.2,-305.9,15.2,-8,15.5
